date,birdName,count
2016-06-06,Acadian Flycatcher,14
2016-06-06,American Crow,9
2016-06-06,American Goldfinch,1
2016-06-06,American Robin,8
2016-06-06,American Woodcock,0
2016-06-06,Barred Owl,0
2016-06-06,Belted Kingfisher,1
2016-06-06,Black-and-white Warbler,0
2016-06-06,Black-throated Blue Warbler,0
2016-06-06,Black-throated Green Warbler,6
2016-06-06,Blue Jay,4
2016-06-06,Blue-gray Gnatcatcher,3
2016-06-06,Blue-headed Vireo,17
2016-06-06,Broad-winged Hawk,2
2016-06-06,Brown Thrasher,1
2016-06-06,Brown-headed Cowbird,1
2016-06-06,Carolina Chickadee,7
2016-06-06,Carolina Wren,9
2016-06-06,Cedar Waxwing,2
2016-06-06,Chimney Swift,0
2016-06-06,Chipping Sparrow,2
2016-06-06,Common Grackle,0
2016-06-06,Dark-eyed Junco,0
2016-06-06,Downy Woodpecker,2
2016-06-06,Eastern Bluebird,0
2016-06-06,Eastern Phoebe,3
2016-06-06,Eastern Screech-Owl,0
2016-06-06,Eastern Towhee,0
2016-06-06,Eastern Wood-Pewee,0
2016-06-06,Field Sparrow,0
2016-06-06,Golden-crowned Kinglet,0
2016-06-06,Great Blue Heron,0
2016-06-06,Great Crested Flycatcher,0
2016-06-06,Hairy Woodpecker,3
2016-06-06,Hooded Warbler,8
2016-06-06,Indigo Bunting,0
2016-06-06,Kentucky Warbler,1
2016-06-06,Louisiana Waterthrush,7
2016-06-06,Mourning Dove,0
2016-06-06,Northern Cardinal,8
2016-06-06,Northern Flicker,0
2016-06-06,Northern Parula,8
2016-06-06,Ovenbird,4
2016-06-06,Pileated Woodpecker,2
2016-06-06,Pine Warbler,0
2016-06-06,Red Crossbill,0
2016-06-06,Red-bellied Woodpecker,0
2016-06-06,Red-breasted Nuthatch,0
2016-06-06,Red-eyed Vireo,14
2016-06-06,Red-tailed Hawk,1
2016-06-06,Ruby-throated Hummingbird,1
2016-06-06,Ruffed Grouse,0
2016-06-06,Scarlet Tanager,1
2016-06-06,Summer Tanager,3
2016-06-06,Swainson's Thrush,0
2016-06-06,Tufted Titmouse,10
2016-06-06,Unknown Nuthatch,0
2016-06-06,Unknown Tanager,0
2016-06-06,White-breasted Nuthatch,3
2016-06-06,White-eyed Vireo,0
2016-06-06,Wild Turkey,0
2016-06-06,Wood Thrush,1
2016-06-06,Worm-eating Warbler,2
2016-06-06,Yellow-billed Cuckoo,0
2016-06-06,Yellow-throated Vireo,0
2016-06-06,Yellow-throated Warbler,6
2016-06-07,Acadian Flycatcher,5
2016-06-07,American Crow,4
2016-06-07,American Goldfinch,1
2016-06-07,American Robin,1
2016-06-07,American Woodcock,0
2016-06-07,Barred Owl,0
2016-06-07,Belted Kingfisher,0
2016-06-07,Black-and-white Warbler,1
2016-06-07,Black-throated Blue Warbler,0
2016-06-07,Black-throated Green Warbler,10
2016-06-07,Blue Jay,1
2016-06-07,Blue-gray Gnatcatcher,5
2016-06-07,Blue-headed Vireo,8
2016-06-07,Broad-winged Hawk,0
2016-06-07,Brown Thrasher,0
2016-06-07,Brown-headed Cowbird,1
2016-06-07,Carolina Chickadee,7
2016-06-07,Carolina Wren,9
2016-06-07,Cedar Waxwing,0
2016-06-07,Chimney Swift,0
2016-06-07,Chipping Sparrow,0
2016-06-07,Common Grackle,0
2016-06-07,Dark-eyed Junco,0
2016-06-07,Downy Woodpecker,1
2016-06-07,Eastern Bluebird,0
2016-06-07,Eastern Phoebe,0
2016-06-07,Eastern Screech-Owl,0
2016-06-07,Eastern Towhee,1
2016-06-07,Eastern Wood-Pewee,2
2016-06-07,Field Sparrow,0
2016-06-07,Golden-crowned Kinglet,0
2016-06-07,Great Blue Heron,0
2016-06-07,Great Crested Flycatcher,0
2016-06-07,Hairy Woodpecker,2
2016-06-07,Hooded Warbler,10
2016-06-07,Indigo Bunting,0
2016-06-07,Kentucky Warbler,0
2016-06-07,Louisiana Waterthrush,8
2016-06-07,Mourning Dove,0
2016-06-07,Northern Cardinal,3
2016-06-07,Northern Flicker,0
2016-06-07,Northern Parula,6
2016-06-07,Ovenbird,3
2016-06-07,Pileated Woodpecker,5
2016-06-07,Pine Warbler,0
2016-06-07,Red Crossbill,0
2016-06-07,Red-bellied Woodpecker,3
2016-06-07,Red-breasted Nuthatch,0
2016-06-07,Red-eyed Vireo,17
2016-06-07,Red-tailed Hawk,0
2016-06-07,Ruby-throated Hummingbird,1
2016-06-07,Ruffed Grouse,0
2016-06-07,Scarlet Tanager,8
2016-06-07,Summer Tanager,0
2016-06-07,Swainson's Thrush,0
2016-06-07,Tufted Titmouse,11
2016-06-07,Unknown Nuthatch,0
2016-06-07,Unknown Tanager,0
2016-06-07,White-breasted Nuthatch,3
2016-06-07,White-eyed Vireo,0
2016-06-07,Wild Turkey,0
2016-06-07,Wood Thrush,1
2016-06-07,Worm-eating Warbler,6
2016-06-07,Yellow-billed Cuckoo,2
2016-06-07,Yellow-throated Vireo,0
2016-06-07,Yellow-throated Warbler,7
2016-06-08,Acadian Flycatcher,10
2016-06-08,American Crow,11
2016-06-08,American Goldfinch,7
2016-06-08,American Robin,0
2016-06-08,American Woodcock,0
2016-06-08,Barred Owl,0
2016-06-08,Belted Kingfisher,0
2016-06-08,Black-and-white Warbler,3
2016-06-08,Black-throated Blue Warbler,0
2016-06-08,Black-throated Green Warbler,11
2016-06-08,Blue Jay,0
2016-06-08,Blue-gray Gnatcatcher,2
2016-06-08,Blue-headed Vireo,10
2016-06-08,Broad-winged Hawk,0
2016-06-08,Brown Thrasher,0
2016-06-08,Brown-headed Cowbird,0
2016-06-08,Carolina Chickadee,6
2016-06-08,Carolina Wren,6
2016-06-08,Cedar Waxwing,2
2016-06-08,Chimney Swift,1
2016-06-08,Chipping Sparrow,1
2016-06-08,Common Grackle,4
2016-06-08,Dark-eyed Junco,0
2016-06-08,Downy Woodpecker,4
2016-06-08,Eastern Bluebird,0
2016-06-08,Eastern Phoebe,1
2016-06-08,Eastern Screech-Owl,0
2016-06-08,Eastern Towhee,4
2016-06-08,Eastern Wood-Pewee,0
2016-06-08,Field Sparrow,0
2016-06-08,Golden-crowned Kinglet,0
2016-06-08,Great Blue Heron,1
2016-06-08,Great Crested Flycatcher,0
2016-06-08,Hairy Woodpecker,0
2016-06-08,Hooded Warbler,24
2016-06-08,Indigo Bunting,0
2016-06-08,Kentucky Warbler,0
2016-06-08,Louisiana Waterthrush,11
2016-06-08,Mourning Dove,0
2016-06-08,Northern Cardinal,2
2016-06-08,Northern Flicker,0
2016-06-08,Northern Parula,12
2016-06-08,Ovenbird,7
2016-06-08,Pileated Woodpecker,1
2016-06-08,Pine Warbler,2
2016-06-08,Red Crossbill,0
2016-06-08,Red-bellied Woodpecker,2
2016-06-08,Red-breasted Nuthatch,2
2016-06-08,Red-eyed Vireo,11
2016-06-08,Red-tailed Hawk,0
2016-06-08,Ruby-throated Hummingbird,2
2016-06-08,Ruffed Grouse,0
2016-06-08,Scarlet Tanager,4
2016-06-08,Summer Tanager,0
2016-06-08,Swainson's Thrush,0
2016-06-08,Tufted Titmouse,12
2016-06-08,Unknown Nuthatch,0
2016-06-08,Unknown Tanager,0
2016-06-08,White-breasted Nuthatch,5
2016-06-08,White-eyed Vireo,0
2016-06-08,Wild Turkey,0
2016-06-08,Wood Thrush,0
2016-06-08,Worm-eating Warbler,3
2016-06-08,Yellow-billed Cuckoo,2
2016-06-08,Yellow-throated Vireo,0
2016-06-08,Yellow-throated Warbler,6
2016-06-09,Acadian Flycatcher,1
2016-06-09,American Crow,7
2016-06-09,American Goldfinch,1
2016-06-09,American Robin,0
2016-06-09,American Woodcock,0
2016-06-09,Barred Owl,0
2016-06-09,Belted Kingfisher,0
2016-06-09,Black-and-white Warbler,5
2016-06-09,Black-throated Blue Warbler,0
2016-06-09,Black-throated Green Warbler,8
2016-06-09,Blue Jay,1
2016-06-09,Blue-gray Gnatcatcher,1
2016-06-09,Blue-headed Vireo,4
2016-06-09,Broad-winged Hawk,0
2016-06-09,Brown Thrasher,0
2016-06-09,Brown-headed Cowbird,0
2016-06-09,Carolina Chickadee,3
2016-06-09,Carolina Wren,3
2016-06-09,Cedar Waxwing,0
2016-06-09,Chimney Swift,0
2016-06-09,Chipping Sparrow,0
2016-06-09,Common Grackle,0
2016-06-09,Dark-eyed Junco,0
2016-06-09,Downy Woodpecker,0
2016-06-09,Eastern Bluebird,0
2016-06-09,Eastern Phoebe,3
2016-06-09,Eastern Screech-Owl,0
2016-06-09,Eastern Towhee,5
2016-06-09,Eastern Wood-Pewee,2
2016-06-09,Field Sparrow,0
2016-06-09,Golden-crowned Kinglet,0
2016-06-09,Great Blue Heron,0
2016-06-09,Great Crested Flycatcher,0
2016-06-09,Hairy Woodpecker,3
2016-06-09,Hooded Warbler,14
2016-06-09,Indigo Bunting,1
2016-06-09,Kentucky Warbler,0
2016-06-09,Louisiana Waterthrush,4
2016-06-09,Mourning Dove,0
2016-06-09,Northern Cardinal,1
2016-06-09,Northern Flicker,0
2016-06-09,Northern Parula,4
2016-06-09,Ovenbird,8
2016-06-09,Pileated Woodpecker,6
2016-06-09,Pine Warbler,2
2016-06-09,Red Crossbill,0
2016-06-09,Red-bellied Woodpecker,3
2016-06-09,Red-breasted Nuthatch,0
2016-06-09,Red-eyed Vireo,10
2016-06-09,Red-tailed Hawk,0
2016-06-09,Ruby-throated Hummingbird,1
2016-06-09,Ruffed Grouse,0
2016-06-09,Scarlet Tanager,5
2016-06-09,Summer Tanager,1
2016-06-09,Swainson's Thrush,0
2016-06-09,Tufted Titmouse,6
2016-06-09,Unknown Nuthatch,0
2016-06-09,Unknown Tanager,0
2016-06-09,White-breasted Nuthatch,4
2016-06-09,White-eyed Vireo,0
2016-06-09,Wild Turkey,0
2016-06-09,Wood Thrush,2
2016-06-09,Worm-eating Warbler,7
2016-06-09,Yellow-billed Cuckoo,0
2016-06-09,Yellow-throated Vireo,0
2016-06-09,Yellow-throated Warbler,7
2016-06-10,Acadian Flycatcher,1
2016-06-10,American Crow,2
2016-06-10,American Goldfinch,0
2016-06-10,American Robin,1
2016-06-10,American Woodcock,0
2016-06-10,Barred Owl,0
2016-06-10,Belted Kingfisher,0
2016-06-10,Black-and-white Warbler,6
2016-06-10,Black-throated Blue Warbler,2
2016-06-10,Black-throated Green Warbler,9
2016-06-10,Blue Jay,0
2016-06-10,Blue-gray Gnatcatcher,0
2016-06-10,Blue-headed Vireo,10
2016-06-10,Broad-winged Hawk,0
2016-06-10,Brown Thrasher,0
2016-06-10,Brown-headed Cowbird,0
2016-06-10,Carolina Chickadee,1
2016-06-10,Carolina Wren,1
2016-06-10,Cedar Waxwing,0
2016-06-10,Chimney Swift,0
2016-06-10,Chipping Sparrow,0
2016-06-10,Common Grackle,0
2016-06-10,Dark-eyed Junco,0
2016-06-10,Downy Woodpecker,2
2016-06-10,Eastern Bluebird,0
2016-06-10,Eastern Phoebe,0
2016-06-10,Eastern Screech-Owl,0
2016-06-10,Eastern Towhee,1
2016-06-10,Eastern Wood-Pewee,0
2016-06-10,Field Sparrow,0
2016-06-10,Golden-crowned Kinglet,0
2016-06-10,Great Blue Heron,0
2016-06-10,Great Crested Flycatcher,0
2016-06-10,Hairy Woodpecker,4
2016-06-10,Hooded Warbler,9
2016-06-10,Indigo Bunting,2
2016-06-10,Kentucky Warbler,0
2016-06-10,Louisiana Waterthrush,1
2016-06-10,Mourning Dove,0
2016-06-10,Northern Cardinal,1
2016-06-10,Northern Flicker,0
2016-06-10,Northern Parula,0
2016-06-10,Ovenbird,19
2016-06-10,Pileated Woodpecker,1
2016-06-10,Pine Warbler,0
2016-06-10,Red Crossbill,0
2016-06-10,Red-bellied Woodpecker,0
2016-06-10,Red-breasted Nuthatch,0
2016-06-10,Red-eyed Vireo,7
2016-06-10,Red-tailed Hawk,0
2016-06-10,Ruby-throated Hummingbird,0
2016-06-10,Ruffed Grouse,0
2016-06-10,Scarlet Tanager,9
2016-06-10,Summer Tanager,0
2016-06-10,Swainson's Thrush,0
2016-06-10,Tufted Titmouse,7
2016-06-10,Unknown Nuthatch,0
2016-06-10,Unknown Tanager,0
2016-06-10,White-breasted Nuthatch,3
2016-06-10,White-eyed Vireo,0
2016-06-10,Wild Turkey,0
2016-06-10,Wood Thrush,4
2016-06-10,Worm-eating Warbler,4
2016-06-10,Yellow-billed Cuckoo,2
2016-06-10,Yellow-throated Vireo,0
2016-06-10,Yellow-throated Warbler,0
2016-06-11,Acadian Flycatcher,1
2016-06-11,American Crow,4
2016-06-11,American Goldfinch,1
2016-06-11,American Robin,3
2016-06-11,American Woodcock,0
2016-06-11,Barred Owl,0
2016-06-11,Belted Kingfisher,0
2016-06-11,Black-and-white Warbler,6
2016-06-11,Black-throated Blue Warbler,0
2016-06-11,Black-throated Green Warbler,8
2016-06-11,Blue Jay,1
2016-06-11,Blue-gray Gnatcatcher,1
2016-06-11,Blue-headed Vireo,4
2016-06-11,Broad-winged Hawk,0
2016-06-11,Brown Thrasher,0
2016-06-11,Brown-headed Cowbird,0
2016-06-11,Carolina Chickadee,7
2016-06-11,Carolina Wren,0
2016-06-11,Cedar Waxwing,2
2016-06-11,Chimney Swift,0
2016-06-11,Chipping Sparrow,0
2016-06-11,Common Grackle,0
2016-06-11,Dark-eyed Junco,0
2016-06-11,Downy Woodpecker,0
2016-06-11,Eastern Bluebird,0
2016-06-11,Eastern Phoebe,1
2016-06-11,Eastern Screech-Owl,0
2016-06-11,Eastern Towhee,6
2016-06-11,Eastern Wood-Pewee,1
2016-06-11,Field Sparrow,0
2016-06-11,Golden-crowned Kinglet,0
2016-06-11,Great Blue Heron,0
2016-06-11,Great Crested Flycatcher,0
2016-06-11,Hairy Woodpecker,1
2016-06-11,Hooded Warbler,10
2016-06-11,Indigo Bunting,0
2016-06-11,Kentucky Warbler,0
2016-06-11,Louisiana Waterthrush,0
2016-06-11,Mourning Dove,0
2016-06-11,Northern Cardinal,5
2016-06-11,Northern Flicker,0
2016-06-11,Northern Parula,1
2016-06-11,Ovenbird,1
2016-06-11,Pileated Woodpecker,5
2016-06-11,Pine Warbler,1
2016-06-11,Red Crossbill,0
2016-06-11,Red-bellied Woodpecker,2
2016-06-11,Red-breasted Nuthatch,1
2016-06-11,Red-eyed Vireo,13
2016-06-11,Red-tailed Hawk,0
2016-06-11,Ruby-throated Hummingbird,0
2016-06-11,Ruffed Grouse,1
2016-06-11,Scarlet Tanager,3
2016-06-11,Summer Tanager,0
2016-06-11,Swainson's Thrush,0
2016-06-11,Tufted Titmouse,7
2016-06-11,Unknown Nuthatch,0
2016-06-11,Unknown Tanager,0
2016-06-11,White-breasted Nuthatch,1
2016-06-11,White-eyed Vireo,0
2016-06-11,Wild Turkey,0
2016-06-11,Wood Thrush,0
2016-06-11,Worm-eating Warbler,4
2016-06-11,Yellow-billed Cuckoo,1
2016-06-11,Yellow-throated Vireo,0
2016-06-11,Yellow-throated Warbler,0
2016-06-12,Acadian Flycatcher,1
2016-06-12,American Crow,0
2016-06-12,American Goldfinch,1
2016-06-12,American Robin,0
2016-06-12,American Woodcock,0
2016-06-12,Barred Owl,2
2016-06-12,Belted Kingfisher,0
2016-06-12,Black-and-white Warbler,0
2016-06-12,Black-throated Blue Warbler,0
2016-06-12,Black-throated Green Warbler,22
2016-06-12,Blue Jay,5
2016-06-12,Blue-gray Gnatcatcher,1
2016-06-12,Blue-headed Vireo,5
2016-06-12,Broad-winged Hawk,0
2016-06-12,Brown Thrasher,0
2016-06-12,Brown-headed Cowbird,0
2016-06-12,Carolina Chickadee,5
2016-06-12,Carolina Wren,8
2016-06-12,Cedar Waxwing,0
2016-06-12,Chimney Swift,0
2016-06-12,Chipping Sparrow,0
2016-06-12,Common Grackle,0
2016-06-12,Dark-eyed Junco,0
2016-06-12,Downy Woodpecker,0
2016-06-12,Eastern Bluebird,0
2016-06-12,Eastern Phoebe,1
2016-06-12,Eastern Screech-Owl,0
2016-06-12,Eastern Towhee,0
2016-06-12,Eastern Wood-Pewee,0
2016-06-12,Field Sparrow,0
2016-06-12,Golden-crowned Kinglet,0
2016-06-12,Great Blue Heron,0
2016-06-12,Great Crested Flycatcher,0
2016-06-12,Hairy Woodpecker,3
2016-06-12,Hooded Warbler,3
2016-06-12,Indigo Bunting,4
2016-06-12,Kentucky Warbler,0
2016-06-12,Louisiana Waterthrush,5
2016-06-12,Mourning Dove,0
2016-06-12,Northern Cardinal,4
2016-06-12,Northern Flicker,0
2016-06-12,Northern Parula,3
2016-06-12,Ovenbird,10
2016-06-12,Pileated Woodpecker,4
2016-06-12,Pine Warbler,0
2016-06-12,Red Crossbill,0
2016-06-12,Red-bellied Woodpecker,1
2016-06-12,Red-breasted Nuthatch,0
2016-06-12,Red-eyed Vireo,19
2016-06-12,Red-tailed Hawk,0
2016-06-12,Ruby-throated Hummingbird,0
2016-06-12,Ruffed Grouse,0
2016-06-12,Scarlet Tanager,2
2016-06-12,Summer Tanager,0
2016-06-12,Swainson's Thrush,0
2016-06-12,Tufted Titmouse,5
2016-06-12,Unknown Nuthatch,0
2016-06-12,Unknown Tanager,0
2016-06-12,White-breasted Nuthatch,0
2016-06-12,White-eyed Vireo,0
2016-06-12,Wild Turkey,0
2016-06-12,Wood Thrush,0
2016-06-12,Worm-eating Warbler,3
2016-06-12,Yellow-billed Cuckoo,0
2016-06-12,Yellow-throated Vireo,0
2016-06-12,Yellow-throated Warbler,0
2016-06-13,Acadian Flycatcher,1
2016-06-13,American Crow,3
2016-06-13,American Goldfinch,0
2016-06-13,American Robin,0
2016-06-13,American Woodcock,0
2016-06-13,Barred Owl,0
2016-06-13,Belted Kingfisher,0
2016-06-13,Black-and-white Warbler,3
2016-06-13,Black-throated Blue Warbler,0
2016-06-13,Black-throated Green Warbler,3
2016-06-13,Blue Jay,4
2016-06-13,Blue-gray Gnatcatcher,2
2016-06-13,Blue-headed Vireo,2
2016-06-13,Broad-winged Hawk,1
2016-06-13,Brown Thrasher,0
2016-06-13,Brown-headed Cowbird,0
2016-06-13,Carolina Chickadee,2
2016-06-13,Carolina Wren,1
2016-06-13,Cedar Waxwing,0
2016-06-13,Chimney Swift,0
2016-06-13,Chipping Sparrow,0
2016-06-13,Common Grackle,0
2016-06-13,Dark-eyed Junco,0
2016-06-13,Downy Woodpecker,1
2016-06-13,Eastern Bluebird,0
2016-06-13,Eastern Phoebe,0
2016-06-13,Eastern Screech-Owl,1
2016-06-13,Eastern Towhee,1
2016-06-13,Eastern Wood-Pewee,0
2016-06-13,Field Sparrow,0
2016-06-13,Golden-crowned Kinglet,0
2016-06-13,Great Blue Heron,0
2016-06-13,Great Crested Flycatcher,0
2016-06-13,Hairy Woodpecker,0
2016-06-13,Hooded Warbler,3
2016-06-13,Indigo Bunting,0
2016-06-13,Kentucky Warbler,0
2016-06-13,Louisiana Waterthrush,0
2016-06-13,Mourning Dove,0
2016-06-13,Northern Cardinal,0
2016-06-13,Northern Flicker,0
2016-06-13,Northern Parula,4
2016-06-13,Ovenbird,7
2016-06-13,Pileated Woodpecker,4
2016-06-13,Pine Warbler,0
2016-06-13,Red Crossbill,0
2016-06-13,Red-bellied Woodpecker,2
2016-06-13,Red-breasted Nuthatch,1
2016-06-13,Red-eyed Vireo,6
2016-06-13,Red-tailed Hawk,0
2016-06-13,Ruby-throated Hummingbird,0
2016-06-13,Ruffed Grouse,0
2016-06-13,Scarlet Tanager,8
2016-06-13,Summer Tanager,0
2016-06-13,Swainson's Thrush,0
2016-06-13,Tufted Titmouse,5
2016-06-13,Unknown Nuthatch,0
2016-06-13,Unknown Tanager,0
2016-06-13,White-breasted Nuthatch,2
2016-06-13,White-eyed Vireo,0
2016-06-13,Wild Turkey,0
2016-06-13,Wood Thrush,0
2016-06-13,Worm-eating Warbler,2
2016-06-13,Yellow-billed Cuckoo,1
2016-06-13,Yellow-throated Vireo,0
2016-06-13,Yellow-throated Warbler,0
2017-05-25,Acadian Flycatcher,6
2017-05-25,American Crow,6
2017-05-25,American Goldfinch,7
2017-05-25,American Robin,0
2017-05-25,American Woodcock,0
2017-05-25,Barred Owl,0
2017-05-25,Belted Kingfisher,0
2017-05-25,Black-and-white Warbler,7
2017-05-25,Black-throated Blue Warbler,0
2017-05-25,Black-throated Green Warbler,7
2017-05-25,Blue Jay,5
2017-05-25,Blue-gray Gnatcatcher,6
2017-05-25,Blue-headed Vireo,7
2017-05-25,Broad-winged Hawk,3
2017-05-25,Brown Thrasher,0
2017-05-25,Brown-headed Cowbird,1
2017-05-25,Carolina Chickadee,9
2017-05-25,Carolina Wren,8
2017-05-25,Cedar Waxwing,1
2017-05-25,Chimney Swift,0
2017-05-25,Chipping Sparrow,0
2017-05-25,Common Grackle,0
2017-05-25,Dark-eyed Junco,0
2017-05-25,Downy Woodpecker,1
2017-05-25,Eastern Bluebird,0
2017-05-25,Eastern Phoebe,0
2017-05-25,Eastern Screech-Owl,0
2017-05-25,Eastern Towhee,10
2017-05-25,Eastern Wood-Pewee,0
2017-05-25,Field Sparrow,0
2017-05-25,Golden-crowned Kinglet,0
2017-05-25,Great Blue Heron,0
2017-05-25,Great Crested Flycatcher,0
2017-05-25,Hairy Woodpecker,0
2017-05-25,Hooded Warbler,15
2017-05-25,Indigo Bunting,0
2017-05-25,Kentucky Warbler,0
2017-05-25,Louisiana Waterthrush,3
2017-05-25,Mourning Dove,0
2017-05-25,Northern Cardinal,8
2017-05-25,Northern Flicker,0
2017-05-25,Northern Parula,5
2017-05-25,Ovenbird,5
2017-05-25,Pileated Woodpecker,7
2017-05-25,Pine Warbler,8
2017-05-25,Red Crossbill,0
2017-05-25,Red-bellied Woodpecker,2
2017-05-25,Red-breasted Nuthatch,0
2017-05-25,Red-eyed Vireo,7
2017-05-25,Red-tailed Hawk,0
2017-05-25,Ruby-throated Hummingbird,1
2017-05-25,Ruffed Grouse,0
2017-05-25,Scarlet Tanager,3
2017-05-25,Summer Tanager,0
2017-05-25,Swainson's Thrush,0
2017-05-25,Tufted Titmouse,9
2017-05-25,Unknown Nuthatch,1
2017-05-25,Unknown Tanager,0
2017-05-25,White-breasted Nuthatch,2
2017-05-25,White-eyed Vireo,0
2017-05-25,Wild Turkey,0
2017-05-25,Wood Thrush,0
2017-05-25,Worm-eating Warbler,2
2017-05-25,Yellow-billed Cuckoo,0
2017-05-25,Yellow-throated Vireo,0
2017-05-25,Yellow-throated Warbler,7
2017-05-26,Acadian Flycatcher,4
2017-05-26,American Crow,2
2017-05-26,American Goldfinch,6
2017-05-26,American Robin,0
2017-05-26,American Woodcock,0
2017-05-26,Barred Owl,0
2017-05-26,Belted Kingfisher,0
2017-05-26,Black-and-white Warbler,11
2017-05-26,Black-throated Blue Warbler,0
2017-05-26,Black-throated Green Warbler,26
2017-05-26,Blue Jay,0
2017-05-26,Blue-gray Gnatcatcher,2
2017-05-26,Blue-headed Vireo,4
2017-05-26,Broad-winged Hawk,0
2017-05-26,Brown Thrasher,0
2017-05-26,Brown-headed Cowbird,1
2017-05-26,Carolina Chickadee,7
2017-05-26,Carolina Wren,6
2017-05-26,Cedar Waxwing,0
2017-05-26,Chimney Swift,1
2017-05-26,Chipping Sparrow,0
2017-05-26,Common Grackle,0
2017-05-26,Dark-eyed Junco,0
2017-05-26,Downy Woodpecker,2
2017-05-26,Eastern Bluebird,0
2017-05-26,Eastern Phoebe,2
2017-05-26,Eastern Screech-Owl,0
2017-05-26,Eastern Towhee,7
2017-05-26,Eastern Wood-Pewee,3
2017-05-26,Field Sparrow,0
2017-05-26,Golden-crowned Kinglet,0
2017-05-26,Great Blue Heron,0
2017-05-26,Great Crested Flycatcher,0
2017-05-26,Hairy Woodpecker,2
2017-05-26,Hooded Warbler,19
2017-05-26,Indigo Bunting,1
2017-05-26,Kentucky Warbler,0
2017-05-26,Louisiana Waterthrush,5
2017-05-26,Mourning Dove,0
2017-05-26,Northern Cardinal,1
2017-05-26,Northern Flicker,1
2017-05-26,Northern Parula,7
2017-05-26,Ovenbird,13
2017-05-26,Pileated Woodpecker,4
2017-05-26,Pine Warbler,4
2017-05-26,Red Crossbill,0
2017-05-26,Red-bellied Woodpecker,1
2017-05-26,Red-breasted Nuthatch,0
2017-05-26,Red-eyed Vireo,18
2017-05-26,Red-tailed Hawk,0
2017-05-26,Ruby-throated Hummingbird,1
2017-05-26,Ruffed Grouse,0
2017-05-26,Scarlet Tanager,5
2017-05-26,Summer Tanager,0
2017-05-26,Swainson's Thrush,0
2017-05-26,Tufted Titmouse,9
2017-05-26,Unknown Nuthatch,0
2017-05-26,Unknown Tanager,3
2017-05-26,White-breasted Nuthatch,0
2017-05-26,White-eyed Vireo,1
2017-05-26,Wild Turkey,0
2017-05-26,Wood Thrush,4
2017-05-26,Worm-eating Warbler,15
2017-05-26,Yellow-billed Cuckoo,0
2017-05-26,Yellow-throated Vireo,0
2017-05-26,Yellow-throated Warbler,7
2017-05-27,Acadian Flycatcher,2
2017-05-27,American Crow,2
2017-05-27,American Goldfinch,0
2017-05-27,American Robin,0
2017-05-27,American Woodcock,0
2017-05-27,Barred Owl,0
2017-05-27,Belted Kingfisher,0
2017-05-27,Black-and-white Warbler,0
2017-05-27,Black-throated Blue Warbler,0
2017-05-27,Black-throated Green Warbler,2
2017-05-27,Blue Jay,0
2017-05-27,Blue-gray Gnatcatcher,3
2017-05-27,Blue-headed Vireo,1
2017-05-27,Broad-winged Hawk,1
2017-05-27,Brown Thrasher,0
2017-05-27,Brown-headed Cowbird,0
2017-05-27,Carolina Chickadee,5
2017-05-27,Carolina Wren,1
2017-05-27,Cedar Waxwing,0
2017-05-27,Chimney Swift,0
2017-05-27,Chipping Sparrow,0
2017-05-27,Common Grackle,0
2017-05-27,Dark-eyed Junco,0
2017-05-27,Downy Woodpecker,0
2017-05-27,Eastern Bluebird,0
2017-05-27,Eastern Phoebe,2
2017-05-27,Eastern Screech-Owl,0
2017-05-27,Eastern Towhee,0
2017-05-27,Eastern Wood-Pewee,0
2017-05-27,Field Sparrow,0
2017-05-27,Golden-crowned Kinglet,0
2017-05-27,Great Blue Heron,0
2017-05-27,Great Crested Flycatcher,0
2017-05-27,Hairy Woodpecker,0
2017-05-27,Hooded Warbler,3
2017-05-27,Indigo Bunting,0
2017-05-27,Kentucky Warbler,0
2017-05-27,Louisiana Waterthrush,1
2017-05-27,Mourning Dove,0
2017-05-27,Northern Cardinal,1
2017-05-27,Northern Flicker,0
2017-05-27,Northern Parula,5
2017-05-27,Ovenbird,1
2017-05-27,Pileated Woodpecker,2
2017-05-27,Pine Warbler,0
2017-05-27,Red Crossbill,0
2017-05-27,Red-bellied Woodpecker,3
2017-05-27,Red-breasted Nuthatch,0
2017-05-27,Red-eyed Vireo,8
2017-05-27,Red-tailed Hawk,0
2017-05-27,Ruby-throated Hummingbird,0
2017-05-27,Ruffed Grouse,0
2017-05-27,Scarlet Tanager,0
2017-05-27,Summer Tanager,0
2017-05-27,Swainson's Thrush,0
2017-05-27,Tufted Titmouse,4
2017-05-27,Unknown Nuthatch,0
2017-05-27,Unknown Tanager,0
2017-05-27,White-breasted Nuthatch,0
2017-05-27,White-eyed Vireo,0
2017-05-27,Wild Turkey,0
2017-05-27,Wood Thrush,0
2017-05-27,Worm-eating Warbler,1
2017-05-27,Yellow-billed Cuckoo,0
2017-05-27,Yellow-throated Vireo,0
2017-05-27,Yellow-throated Warbler,2
2017-05-28,Acadian Flycatcher,2
2017-05-28,American Crow,5
2017-05-28,American Goldfinch,1
2017-05-28,American Robin,1
2017-05-28,American Woodcock,0
2017-05-28,Barred Owl,0
2017-05-28,Belted Kingfisher,0
2017-05-28,Black-and-white Warbler,2
2017-05-28,Black-throated Blue Warbler,0
2017-05-28,Black-throated Green Warbler,17
2017-05-28,Blue Jay,2
2017-05-28,Blue-gray Gnatcatcher,2
2017-05-28,Blue-headed Vireo,8
2017-05-28,Broad-winged Hawk,0
2017-05-28,Brown Thrasher,0
2017-05-28,Brown-headed Cowbird,1
2017-05-28,Carolina Chickadee,6
2017-05-28,Carolina Wren,1
2017-05-28,Cedar Waxwing,0
2017-05-28,Chimney Swift,0
2017-05-28,Chipping Sparrow,0
2017-05-28,Common Grackle,0
2017-05-28,Dark-eyed Junco,0
2017-05-28,Downy Woodpecker,1
2017-05-28,Eastern Bluebird,0
2017-05-28,Eastern Phoebe,2
2017-05-28,Eastern Screech-Owl,0
2017-05-28,Eastern Towhee,0
2017-05-28,Eastern Wood-Pewee,0
2017-05-28,Field Sparrow,0
2017-05-28,Golden-crowned Kinglet,0
2017-05-28,Great Blue Heron,0
2017-05-28,Great Crested Flycatcher,0
2017-05-28,Hairy Woodpecker,1
2017-05-28,Hooded Warbler,7
2017-05-28,Indigo Bunting,0
2017-05-28,Kentucky Warbler,0
2017-05-28,Louisiana Waterthrush,2
2017-05-28,Mourning Dove,0
2017-05-28,Northern Cardinal,2
2017-05-28,Northern Flicker,0
2017-05-28,Northern Parula,7
2017-05-28,Ovenbird,13
2017-05-28,Pileated Woodpecker,7
2017-05-28,Pine Warbler,0
2017-05-28,Red Crossbill,0
2017-05-28,Red-bellied Woodpecker,1
2017-05-28,Red-breasted Nuthatch,0
2017-05-28,Red-eyed Vireo,9
2017-05-28,Red-tailed Hawk,0
2017-05-28,Ruby-throated Hummingbird,1
2017-05-28,Ruffed Grouse,0
2017-05-28,Scarlet Tanager,4
2017-05-28,Summer Tanager,0
2017-05-28,Swainson's Thrush,0
2017-05-28,Tufted Titmouse,9
2017-05-28,Unknown Nuthatch,0
2017-05-28,Unknown Tanager,0
2017-05-28,White-breasted Nuthatch,0
2017-05-28,White-eyed Vireo,0
2017-05-28,Wild Turkey,0
2017-05-28,Wood Thrush,1
2017-05-28,Worm-eating Warbler,1
2017-05-28,Yellow-billed Cuckoo,0
2017-05-28,Yellow-throated Vireo,0
2017-05-28,Yellow-throated Warbler,3
2017-05-30,Acadian Flycatcher,18
2017-05-30,American Crow,3
2017-05-30,American Goldfinch,7
2017-05-30,American Robin,7
2017-05-30,American Woodcock,1
2017-05-30,Barred Owl,1
2017-05-30,Belted Kingfisher,0
2017-05-30,Black-and-white Warbler,7
2017-05-30,Black-throated Blue Warbler,0
2017-05-30,Black-throated Green Warbler,17
2017-05-30,Blue Jay,1
2017-05-30,Blue-gray Gnatcatcher,5
2017-05-30,Blue-headed Vireo,8
2017-05-30,Broad-winged Hawk,0
2017-05-30,Brown Thrasher,0
2017-05-30,Brown-headed Cowbird,0
2017-05-30,Carolina Chickadee,19
2017-05-30,Carolina Wren,8
2017-05-30,Cedar Waxwing,2
2017-05-30,Chimney Swift,1
2017-05-30,Chipping Sparrow,0
2017-05-30,Common Grackle,0
2017-05-30,Dark-eyed Junco,0
2017-05-30,Downy Woodpecker,2
2017-05-30,Eastern Bluebird,0
2017-05-30,Eastern Phoebe,1
2017-05-30,Eastern Screech-Owl,0
2017-05-30,Eastern Towhee,0
2017-05-30,Eastern Wood-Pewee,2
2017-05-30,Field Sparrow,0
2017-05-30,Golden-crowned Kinglet,0
2017-05-30,Great Blue Heron,0
2017-05-30,Great Crested Flycatcher,1
2017-05-30,Hairy Woodpecker,1
2017-05-30,Hooded Warbler,11
2017-05-30,Indigo Bunting,0
2017-05-30,Kentucky Warbler,0
2017-05-30,Louisiana Waterthrush,6
2017-05-30,Mourning Dove,0
2017-05-30,Northern Cardinal,2
2017-05-30,Northern Flicker,3
2017-05-30,Northern Parula,9
2017-05-30,Ovenbird,1
2017-05-30,Pileated Woodpecker,6
2017-05-30,Pine Warbler,2
2017-05-30,Red Crossbill,0
2017-05-30,Red-bellied Woodpecker,5
2017-05-30,Red-breasted Nuthatch,0
2017-05-30,Red-eyed Vireo,18
2017-05-30,Red-tailed Hawk,0
2017-05-30,Ruby-throated Hummingbird,2
2017-05-30,Ruffed Grouse,0
2017-05-30,Scarlet Tanager,11
2017-05-30,Summer Tanager,0
2017-05-30,Swainson's Thrush,0
2017-05-30,Tufted Titmouse,12
2017-05-30,Unknown Nuthatch,0
2017-05-30,Unknown Tanager,0
2017-05-30,White-breasted Nuthatch,2
2017-05-30,White-eyed Vireo,0
2017-05-30,Wild Turkey,2
2017-05-30,Wood Thrush,14
2017-05-30,Worm-eating Warbler,7
2017-05-30,Yellow-billed Cuckoo,1
2017-05-30,Yellow-throated Vireo,1
2017-05-30,Yellow-throated Warbler,10
2017-06-01,Acadian Flycatcher,0
2017-06-01,American Crow,3
2017-06-01,American Goldfinch,1
2017-06-01,American Robin,1
2017-06-01,American Woodcock,0
2017-06-01,Barred Owl,1
2017-06-01,Belted Kingfisher,0
2017-06-01,Black-and-white Warbler,4
2017-06-01,Black-throated Blue Warbler,0
2017-06-01,Black-throated Green Warbler,16
2017-06-01,Blue Jay,7
2017-06-01,Blue-gray Gnatcatcher,1
2017-06-01,Blue-headed Vireo,12
2017-06-01,Broad-winged Hawk,0
2017-06-01,Brown Thrasher,0
2017-06-01,Brown-headed Cowbird,4
2017-06-01,Carolina Chickadee,0
2017-06-01,Carolina Wren,1
2017-06-01,Cedar Waxwing,0
2017-06-01,Chimney Swift,0
2017-06-01,Chipping Sparrow,0
2017-06-01,Common Grackle,0
2017-06-01,Dark-eyed Junco,0
2017-06-01,Downy Woodpecker,1
2017-06-01,Eastern Bluebird,0
2017-06-01,Eastern Phoebe,1
2017-06-01,Eastern Screech-Owl,0
2017-06-01,Eastern Towhee,0
2017-06-01,Eastern Wood-Pewee,3
2017-06-01,Field Sparrow,0
2017-06-01,Golden-crowned Kinglet,0
2017-06-01,Great Blue Heron,0
2017-06-01,Great Crested Flycatcher,0
2017-06-01,Hairy Woodpecker,1
2017-06-01,Hooded Warbler,11
2017-06-01,Indigo Bunting,1
2017-06-01,Kentucky Warbler,0
2017-06-01,Louisiana Waterthrush,1
2017-06-01,Mourning Dove,0
2017-06-01,Northern Cardinal,0
2017-06-01,Northern Flicker,0
2017-06-01,Northern Parula,0
2017-06-01,Ovenbird,17
2017-06-01,Pileated Woodpecker,2
2017-06-01,Pine Warbler,1
2017-06-01,Red Crossbill,0
2017-06-01,Red-bellied Woodpecker,2
2017-06-01,Red-breasted Nuthatch,0
2017-06-01,Red-eyed Vireo,17
2017-06-01,Red-tailed Hawk,0
2017-06-01,Ruby-throated Hummingbird,0
2017-06-01,Ruffed Grouse,0
2017-06-01,Scarlet Tanager,5
2017-06-01,Summer Tanager,0
2017-06-01,Swainson's Thrush,0
2017-06-01,Tufted Titmouse,13
2017-06-01,Unknown Nuthatch,0
2017-06-01,Unknown Tanager,0
2017-06-01,White-breasted Nuthatch,1
2017-06-01,White-eyed Vireo,0
2017-06-01,Wild Turkey,0
2017-06-01,Wood Thrush,5
2017-06-01,Worm-eating Warbler,2
2017-06-01,Yellow-billed Cuckoo,0
2017-06-01,Yellow-throated Vireo,0
2017-06-01,Yellow-throated Warbler,0
2017-06-03,Acadian Flycatcher,0
2017-06-03,American Crow,3
2017-06-03,American Goldfinch,4
2017-06-03,American Robin,2
2017-06-03,American Woodcock,0
2017-06-03,Barred Owl,0
2017-06-03,Belted Kingfisher,0
2017-06-03,Black-and-white Warbler,6
2017-06-03,Black-throated Blue Warbler,0
2017-06-03,Black-throated Green Warbler,6
2017-06-03,Blue Jay,1
2017-06-03,Blue-gray Gnatcatcher,0
2017-06-03,Blue-headed Vireo,9
2017-06-03,Broad-winged Hawk,0
2017-06-03,Brown Thrasher,0
2017-06-03,Brown-headed Cowbird,3
2017-06-03,Carolina Chickadee,4
2017-06-03,Carolina Wren,0
2017-06-03,Cedar Waxwing,0
2017-06-03,Chimney Swift,2
2017-06-03,Chipping Sparrow,3
2017-06-03,Common Grackle,0
2017-06-03,Dark-eyed Junco,0
2017-06-03,Downy Woodpecker,2
2017-06-03,Eastern Bluebird,1
2017-06-03,Eastern Phoebe,2
2017-06-03,Eastern Screech-Owl,0
2017-06-03,Eastern Towhee,4
2017-06-03,Eastern Wood-Pewee,1
2017-06-03,Field Sparrow,0
2017-06-03,Golden-crowned Kinglet,0
2017-06-03,Great Blue Heron,0
2017-06-03,Great Crested Flycatcher,0
2017-06-03,Hairy Woodpecker,4
2017-06-03,Hooded Warbler,11
2017-06-03,Indigo Bunting,1
2017-06-03,Kentucky Warbler,0
2017-06-03,Louisiana Waterthrush,0
2017-06-03,Mourning Dove,0
2017-06-03,Northern Cardinal,2
2017-06-03,Northern Flicker,0
2017-06-03,Northern Parula,3
2017-06-03,Ovenbird,1
2017-06-03,Pileated Woodpecker,3
2017-06-03,Pine Warbler,2
2017-06-03,Red Crossbill,1
2017-06-03,Red-bellied Woodpecker,0
2017-06-03,Red-breasted Nuthatch,1
2017-06-03,Red-eyed Vireo,7
2017-06-03,Red-tailed Hawk,0
2017-06-03,Ruby-throated Hummingbird,2
2017-06-03,Ruffed Grouse,0
2017-06-03,Scarlet Tanager,10
2017-06-03,Summer Tanager,0
2017-06-03,Swainson's Thrush,0
2017-06-03,Tufted Titmouse,10
2017-06-03,Unknown Nuthatch,0
2017-06-03,Unknown Tanager,0
2017-06-03,White-breasted Nuthatch,1
2017-06-03,White-eyed Vireo,0
2017-06-03,Wild Turkey,0
2017-06-03,Wood Thrush,0
2017-06-03,Worm-eating Warbler,2
2017-06-03,Yellow-billed Cuckoo,0
2017-06-03,Yellow-throated Vireo,1
2017-06-03,Yellow-throated Warbler,1
2017-06-04,Acadian Flycatcher,0
2017-06-04,American Crow,0
2017-06-04,American Goldfinch,0
2017-06-04,American Robin,0
2017-06-04,American Woodcock,0
2017-06-04,Barred Owl,0
2017-06-04,Belted Kingfisher,0
2017-06-04,Black-and-white Warbler,3
2017-06-04,Black-throated Blue Warbler,0
2017-06-04,Black-throated Green Warbler,20
2017-06-04,Blue Jay,1
2017-06-04,Blue-gray Gnatcatcher,0
2017-06-04,Blue-headed Vireo,3
2017-06-04,Broad-winged Hawk,0
2017-06-04,Brown Thrasher,0
2017-06-04,Brown-headed Cowbird,1
2017-06-04,Carolina Chickadee,4
2017-06-04,Carolina Wren,1
2017-06-04,Cedar Waxwing,0
2017-06-04,Chimney Swift,0
2017-06-04,Chipping Sparrow,0
2017-06-04,Common Grackle,0
2017-06-04,Dark-eyed Junco,0
2017-06-04,Downy Woodpecker,1
2017-06-04,Eastern Bluebird,0
2017-06-04,Eastern Phoebe,1
2017-06-04,Eastern Screech-Owl,0
2017-06-04,Eastern Towhee,0
2017-06-04,Eastern Wood-Pewee,1
2017-06-04,Field Sparrow,0
2017-06-04,Golden-crowned Kinglet,0
2017-06-04,Great Blue Heron,0
2017-06-04,Great Crested Flycatcher,0
2017-06-04,Hairy Woodpecker,2
2017-06-04,Hooded Warbler,0
2017-06-04,Indigo Bunting,6
2017-06-04,Kentucky Warbler,0
2017-06-04,Louisiana Waterthrush,2
2017-06-04,Mourning Dove,0
2017-06-04,Northern Cardinal,1
2017-06-04,Northern Flicker,2
2017-06-04,Northern Parula,0
2017-06-04,Ovenbird,2
2017-06-04,Pileated Woodpecker,0
2017-06-04,Pine Warbler,0
2017-06-04,Red Crossbill,0
2017-06-04,Red-bellied Woodpecker,0
2017-06-04,Red-breasted Nuthatch,0
2017-06-04,Red-eyed Vireo,24
2017-06-04,Red-tailed Hawk,0
2017-06-04,Ruby-throated Hummingbird,0
2017-06-04,Ruffed Grouse,0
2017-06-04,Scarlet Tanager,5
2017-06-04,Summer Tanager,0
2017-06-04,Swainson's Thrush,0
2017-06-04,Tufted Titmouse,6
2017-06-04,Unknown Nuthatch,0
2017-06-04,Unknown Tanager,0
2017-06-04,White-breasted Nuthatch,1
2017-06-04,White-eyed Vireo,0
2017-06-04,Wild Turkey,0
2017-06-04,Wood Thrush,2
2017-06-04,Worm-eating Warbler,2
2017-06-04,Yellow-billed Cuckoo,0
2017-06-04,Yellow-throated Vireo,0
2017-06-04,Yellow-throated Warbler,0
2018-05-21,Acadian Flycatcher,7
2018-05-21,American Crow,1
2018-05-21,American Goldfinch,2
2018-05-21,American Robin,2
2018-05-21,American Woodcock,0
2018-05-21,Barred Owl,0
2018-05-21,Belted Kingfisher,0
2018-05-21,Black-and-white Warbler,2
2018-05-21,Black-throated Blue Warbler,0
2018-05-21,Black-throated Green Warbler,7
2018-05-21,Blue Jay,2
2018-05-21,Blue-gray Gnatcatcher,5
2018-05-21,Blue-headed Vireo,4
2018-05-21,Broad-winged Hawk,0
2018-05-21,Brown Thrasher,0
2018-05-21,Brown-headed Cowbird,2
2018-05-21,Carolina Chickadee,5
2018-05-21,Carolina Wren,7
2018-05-21,Cedar Waxwing,1
2018-05-21,Chimney Swift,0
2018-05-21,Chipping Sparrow,0
2018-05-21,Common Grackle,0
2018-05-21,Dark-eyed Junco,1
2018-05-21,Downy Woodpecker,0
2018-05-21,Eastern Bluebird,0
2018-05-21,Eastern Phoebe,1
2018-05-21,Eastern Screech-Owl,0
2018-05-21,Eastern Towhee,0
2018-05-21,Eastern Wood-Pewee,0
2018-05-21,Field Sparrow,0
2018-05-21,Golden-crowned Kinglet,0
2018-05-21,Great Blue Heron,0
2018-05-21,Great Crested Flycatcher,0
2018-05-21,Hairy Woodpecker,0
2018-05-21,Hooded Warbler,10
2018-05-21,Indigo Bunting,3
2018-05-21,Kentucky Warbler,0
2018-05-21,Louisiana Waterthrush,4
2018-05-21,Mourning Dove,0
2018-05-21,Northern Cardinal,2
2018-05-21,Northern Flicker,0
2018-05-21,Northern Parula,4
2018-05-21,Ovenbird,2
2018-05-21,Pileated Woodpecker,4
2018-05-21,Pine Warbler,0
2018-05-21,Red Crossbill,0
2018-05-21,Red-bellied Woodpecker,1
2018-05-21,Red-breasted Nuthatch,0
2018-05-21,Red-eyed Vireo,11
2018-05-21,Red-tailed Hawk,0
2018-05-21,Ruby-throated Hummingbird,0
2018-05-21,Ruffed Grouse,0
2018-05-21,Scarlet Tanager,1
2018-05-21,Summer Tanager,0
2018-05-21,Swainson's Thrush,1
2018-05-21,Tufted Titmouse,4
2018-05-21,Unknown Nuthatch,0
2018-05-21,Unknown Tanager,0
2018-05-21,White-breasted Nuthatch,0
2018-05-21,White-eyed Vireo,0
2018-05-21,Wild Turkey,0
2018-05-21,Wood Thrush,2
2018-05-21,Worm-eating Warbler,0
2018-05-21,Yellow-billed Cuckoo,0
2018-05-21,Yellow-throated Vireo,2
2018-05-21,Yellow-throated Warbler,3
2018-05-22,Acadian Flycatcher,1
2018-05-22,American Crow,4
2018-05-22,American Goldfinch,3
2018-05-22,American Robin,0
2018-05-22,American Woodcock,0
2018-05-22,Barred Owl,0
2018-05-22,Belted Kingfisher,0
2018-05-22,Black-and-white Warbler,5
2018-05-22,Black-throated Blue Warbler,0
2018-05-22,Black-throated Green Warbler,6
2018-05-22,Blue Jay,0
2018-05-22,Blue-gray Gnatcatcher,1
2018-05-22,Blue-headed Vireo,6
2018-05-22,Broad-winged Hawk,0
2018-05-22,Brown Thrasher,0
2018-05-22,Brown-headed Cowbird,0
2018-05-22,Carolina Chickadee,6
2018-05-22,Carolina Wren,6
2018-05-22,Cedar Waxwing,2
2018-05-22,Chimney Swift,1
2018-05-22,Chipping Sparrow,0
2018-05-22,Common Grackle,0
2018-05-22,Dark-eyed Junco,0
2018-05-22,Downy Woodpecker,0
2018-05-22,Eastern Bluebird,0
2018-05-22,Eastern Phoebe,0
2018-05-22,Eastern Screech-Owl,0
2018-05-22,Eastern Towhee,0
2018-05-22,Eastern Wood-Pewee,0
2018-05-22,Field Sparrow,0
2018-05-22,Golden-crowned Kinglet,0
2018-05-22,Great Blue Heron,0
2018-05-22,Great Crested Flycatcher,0
2018-05-22,Hairy Woodpecker,1
2018-05-22,Hooded Warbler,7
2018-05-22,Indigo Bunting,1
2018-05-22,Kentucky Warbler,0
2018-05-22,Louisiana Waterthrush,4
2018-05-22,Mourning Dove,0
2018-05-22,Northern Cardinal,2
2018-05-22,Northern Flicker,0
2018-05-22,Northern Parula,4
2018-05-22,Ovenbird,10
2018-05-22,Pileated Woodpecker,5
2018-05-22,Pine Warbler,0
2018-05-22,Red Crossbill,0
2018-05-22,Red-bellied Woodpecker,0
2018-05-22,Red-breasted Nuthatch,0
2018-05-22,Red-eyed Vireo,8
2018-05-22,Red-tailed Hawk,0
2018-05-22,Ruby-throated Hummingbird,1
2018-05-22,Ruffed Grouse,0
2018-05-22,Scarlet Tanager,2
2018-05-22,Summer Tanager,0
2018-05-22,Swainson's Thrush,0
2018-05-22,Tufted Titmouse,9
2018-05-22,Unknown Nuthatch,0
2018-05-22,Unknown Tanager,0
2018-05-22,White-breasted Nuthatch,0
2018-05-22,White-eyed Vireo,0
2018-05-22,Wild Turkey,0
2018-05-22,Wood Thrush,1
2018-05-22,Worm-eating Warbler,0
2018-05-22,Yellow-billed Cuckoo,0
2018-05-22,Yellow-throated Vireo,0
2018-05-22,Yellow-throated Warbler,5
2018-05-23,Acadian Flycatcher,0
2018-05-23,American Crow,3
2018-05-23,American Goldfinch,2
2018-05-23,American Robin,1
2018-05-23,American Woodcock,0
2018-05-23,Barred Owl,0
2018-05-23,Belted Kingfisher,0
2018-05-23,Black-and-white Warbler,5
2018-05-23,Black-throated Blue Warbler,0
2018-05-23,Black-throated Green Warbler,6
2018-05-23,Blue Jay,1
2018-05-23,Blue-gray Gnatcatcher,1
2018-05-23,Blue-headed Vireo,1
2018-05-23,Broad-winged Hawk,0
2018-05-23,Brown Thrasher,0
2018-05-23,Brown-headed Cowbird,0
2018-05-23,Carolina Chickadee,2
2018-05-23,Carolina Wren,4
2018-05-23,Cedar Waxwing,2
2018-05-23,Chimney Swift,1
2018-05-23,Chipping Sparrow,0
2018-05-23,Common Grackle,0
2018-05-23,Dark-eyed Junco,1
2018-05-23,Downy Woodpecker,0
2018-05-23,Eastern Bluebird,0
2018-05-23,Eastern Phoebe,1
2018-05-23,Eastern Screech-Owl,0
2018-05-23,Eastern Towhee,3
2018-05-23,Eastern Wood-Pewee,0
2018-05-23,Field Sparrow,0
2018-05-23,Golden-crowned Kinglet,0
2018-05-23,Great Blue Heron,0
2018-05-23,Great Crested Flycatcher,0
2018-05-23,Hairy Woodpecker,1
2018-05-23,Hooded Warbler,9
2018-05-23,Indigo Bunting,0
2018-05-23,Kentucky Warbler,0
2018-05-23,Louisiana Waterthrush,2
2018-05-23,Mourning Dove,0
2018-05-23,Northern Cardinal,0
2018-05-23,Northern Flicker,0
2018-05-23,Northern Parula,2
2018-05-23,Ovenbird,3
2018-05-23,Pileated Woodpecker,2
2018-05-23,Pine Warbler,0
2018-05-23,Red Crossbill,0
2018-05-23,Red-bellied Woodpecker,1
2018-05-23,Red-breasted Nuthatch,0
2018-05-23,Red-eyed Vireo,5
2018-05-23,Red-tailed Hawk,0
2018-05-23,Ruby-throated Hummingbird,1
2018-05-23,Ruffed Grouse,0
2018-05-23,Scarlet Tanager,5
2018-05-23,Summer Tanager,0
2018-05-23,Swainson's Thrush,0
2018-05-23,Tufted Titmouse,9
2018-05-23,Unknown Nuthatch,0
2018-05-23,Unknown Tanager,0
2018-05-23,White-breasted Nuthatch,1
2018-05-23,White-eyed Vireo,0
2018-05-23,Wild Turkey,1
2018-05-23,Wood Thrush,0
2018-05-23,Worm-eating Warbler,1
2018-05-23,Yellow-billed Cuckoo,0
2018-05-23,Yellow-throated Vireo,0
2018-05-23,Yellow-throated Warbler,4
2018-05-24,Acadian Flycatcher,4
2018-05-24,American Crow,1
2018-05-24,American Goldfinch,0
2018-05-24,American Robin,1
2018-05-24,American Woodcock,0
2018-05-24,Barred Owl,0
2018-05-24,Belted Kingfisher,0
2018-05-24,Black-and-white Warbler,1
2018-05-24,Black-throated Blue Warbler,0
2018-05-24,Black-throated Green Warbler,10
2018-05-24,Blue Jay,0
2018-05-24,Blue-gray Gnatcatcher,2
2018-05-24,Blue-headed Vireo,1
2018-05-24,Broad-winged Hawk,0
2018-05-24,Brown Thrasher,0
2018-05-24,Brown-headed Cowbird,0
2018-05-24,Carolina Chickadee,4
2018-05-24,Carolina Wren,2
2018-05-24,Cedar Waxwing,0
2018-05-24,Chimney Swift,0
2018-05-24,Chipping Sparrow,0
2018-05-24,Common Grackle,0
2018-05-24,Dark-eyed Junco,2
2018-05-24,Downy Woodpecker,1
2018-05-24,Eastern Bluebird,0
2018-05-24,Eastern Phoebe,0
2018-05-24,Eastern Screech-Owl,0
2018-05-24,Eastern Towhee,0
2018-05-24,Eastern Wood-Pewee,0
2018-05-24,Field Sparrow,0
2018-05-24,Golden-crowned Kinglet,1
2018-05-24,Great Blue Heron,0
2018-05-24,Great Crested Flycatcher,0
2018-05-24,Hairy Woodpecker,0
2018-05-24,Hooded Warbler,5
2018-05-24,Indigo Bunting,0
2018-05-24,Kentucky Warbler,0
2018-05-24,Louisiana Waterthrush,5
2018-05-24,Mourning Dove,0
2018-05-24,Northern Cardinal,1
2018-05-24,Northern Flicker,0
2018-05-24,Northern Parula,6
2018-05-24,Ovenbird,7
2018-05-24,Pileated Woodpecker,0
2018-05-24,Pine Warbler,0
2018-05-24,Red Crossbill,0
2018-05-24,Red-bellied Woodpecker,1
2018-05-24,Red-breasted Nuthatch,0
2018-05-24,Red-eyed Vireo,12
2018-05-24,Red-tailed Hawk,0
2018-05-24,Ruby-throated Hummingbird,0
2018-05-24,Ruffed Grouse,0
2018-05-24,Scarlet Tanager,1
2018-05-24,Summer Tanager,0
2018-05-24,Swainson's Thrush,0
2018-05-24,Tufted Titmouse,3
2018-05-24,Unknown Nuthatch,0
2018-05-24,Unknown Tanager,0
2018-05-24,White-breasted Nuthatch,0
2018-05-24,White-eyed Vireo,0
2018-05-24,Wild Turkey,0
2018-05-24,Wood Thrush,0
2018-05-24,Worm-eating Warbler,1
2018-05-24,Yellow-billed Cuckoo,0
2018-05-24,Yellow-throated Vireo,0
2018-05-24,Yellow-throated Warbler,0
2018-05-25,Acadian Flycatcher,0
2018-05-25,American Crow,0
2018-05-25,American Goldfinch,0
2018-05-25,American Robin,0
2018-05-25,American Woodcock,0
2018-05-25,Barred Owl,0
2018-05-25,Belted Kingfisher,0
2018-05-25,Black-and-white Warbler,3
2018-05-25,Black-throated Blue Warbler,3
2018-05-25,Black-throated Green Warbler,7
2018-05-25,Blue Jay,0
2018-05-25,Blue-gray Gnatcatcher,0
2018-05-25,Blue-headed Vireo,3
2018-05-25,Broad-winged Hawk,0
2018-05-25,Brown Thrasher,0
2018-05-25,Brown-headed Cowbird,0
2018-05-25,Carolina Chickadee,2
2018-05-25,Carolina Wren,0
2018-05-25,Cedar Waxwing,1
2018-05-25,Chimney Swift,3
2018-05-25,Chipping Sparrow,0
2018-05-25,Common Grackle,0
2018-05-25,Dark-eyed Junco,4
2018-05-25,Downy Woodpecker,0
2018-05-25,Eastern Bluebird,0
2018-05-25,Eastern Phoebe,0
2018-05-25,Eastern Screech-Owl,0
2018-05-25,Eastern Towhee,1
2018-05-25,Eastern Wood-Pewee,0
2018-05-25,Field Sparrow,0
2018-05-25,Golden-crowned Kinglet,0
2018-05-25,Great Blue Heron,0
2018-05-25,Great Crested Flycatcher,0
2018-05-25,Hairy Woodpecker,0
2018-05-25,Hooded Warbler,6
2018-05-25,Indigo Bunting,1
2018-05-25,Kentucky Warbler,0
2018-05-25,Louisiana Waterthrush,1
2018-05-25,Mourning Dove,0
2018-05-25,Northern Cardinal,1
2018-05-25,Northern Flicker,0
2018-05-25,Northern Parula,1
2018-05-25,Ovenbird,6
2018-05-25,Pileated Woodpecker,1
2018-05-25,Pine Warbler,0
2018-05-25,Red Crossbill,0
2018-05-25,Red-bellied Woodpecker,0
2018-05-25,Red-breasted Nuthatch,0
2018-05-25,Red-eyed Vireo,10
2018-05-25,Red-tailed Hawk,0
2018-05-25,Ruby-throated Hummingbird,0
2018-05-25,Ruffed Grouse,0
2018-05-25,Scarlet Tanager,2
2018-05-25,Summer Tanager,0
2018-05-25,Swainson's Thrush,0
2018-05-25,Tufted Titmouse,3
2018-05-25,Unknown Nuthatch,0
2018-05-25,Unknown Tanager,0
2018-05-25,White-breasted Nuthatch,1
2018-05-25,White-eyed Vireo,0
2018-05-25,Wild Turkey,0
2018-05-25,Wood Thrush,0
2018-05-25,Worm-eating Warbler,0
2018-05-25,Yellow-billed Cuckoo,0
2018-05-25,Yellow-throated Vireo,0
2018-05-25,Yellow-throated Warbler,0
2018-05-26,Acadian Flycatcher,0
2018-05-26,American Crow,1
2018-05-26,American Goldfinch,0
2018-05-26,American Robin,0
2018-05-26,American Woodcock,0
2018-05-26,Barred Owl,0
2018-05-26,Belted Kingfisher,0
2018-05-26,Black-and-white Warbler,2
2018-05-26,Black-throated Blue Warbler,0
2018-05-26,Black-throated Green Warbler,18
2018-05-26,Blue Jay,1
2018-05-26,Blue-gray Gnatcatcher,0
2018-05-26,Blue-headed Vireo,1
2018-05-26,Broad-winged Hawk,0
2018-05-26,Brown Thrasher,0
2018-05-26,Brown-headed Cowbird,0
2018-05-26,Carolina Chickadee,2
2018-05-26,Carolina Wren,1
2018-05-26,Cedar Waxwing,0
2018-05-26,Chimney Swift,0
2018-05-26,Chipping Sparrow,0
2018-05-26,Common Grackle,0
2018-05-26,Dark-eyed Junco,0
2018-05-26,Downy Woodpecker,0
2018-05-26,Eastern Bluebird,0
2018-05-26,Eastern Phoebe,1
2018-05-26,Eastern Screech-Owl,0
2018-05-26,Eastern Towhee,0
2018-05-26,Eastern Wood-Pewee,0
2018-05-26,Field Sparrow,0
2018-05-26,Golden-crowned Kinglet,0
2018-05-26,Great Blue Heron,0
2018-05-26,Great Crested Flycatcher,0
2018-05-26,Hairy Woodpecker,1
2018-05-26,Hooded Warbler,8
2018-05-26,Indigo Bunting,0
2018-05-26,Kentucky Warbler,0
2018-05-26,Louisiana Waterthrush,0
2018-05-26,Mourning Dove,0
2018-05-26,Northern Cardinal,0
2018-05-26,Northern Flicker,0
2018-05-26,Northern Parula,1
2018-05-26,Ovenbird,9
2018-05-26,Pileated Woodpecker,2
2018-05-26,Pine Warbler,0
2018-05-26,Red Crossbill,0
2018-05-26,Red-bellied Woodpecker,0
2018-05-26,Red-breasted Nuthatch,0
2018-05-26,Red-eyed Vireo,15
2018-05-26,Red-tailed Hawk,0
2018-05-26,Ruby-throated Hummingbird,0
2018-05-26,Ruffed Grouse,0
2018-05-26,Scarlet Tanager,6
2018-05-26,Summer Tanager,0
2018-05-26,Swainson's Thrush,0
2018-05-26,Tufted Titmouse,8
2018-05-26,Unknown Nuthatch,0
2018-05-26,Unknown Tanager,0
2018-05-26,White-breasted Nuthatch,0
2018-05-26,White-eyed Vireo,0
2018-05-26,Wild Turkey,0
2018-05-26,Wood Thrush,1
2018-05-26,Worm-eating Warbler,0
2018-05-26,Yellow-billed Cuckoo,0
2018-05-26,Yellow-throated Vireo,0
2018-05-26,Yellow-throated Warbler,0
2018-05-27,Acadian Flycatcher,0
2018-05-27,American Crow,0
2018-05-27,American Goldfinch,1
2018-05-27,American Robin,0
2018-05-27,American Woodcock,0
2018-05-27,Barred Owl,0
2018-05-27,Belted Kingfisher,0
2018-05-27,Black-and-white Warbler,6
2018-05-27,Black-throated Blue Warbler,0
2018-05-27,Black-throated Green Warbler,3
2018-05-27,Blue Jay,0
2018-05-27,Blue-gray Gnatcatcher,2
2018-05-27,Blue-headed Vireo,3
2018-05-27,Broad-winged Hawk,0
2018-05-27,Brown Thrasher,0
2018-05-27,Brown-headed Cowbird,0
2018-05-27,Carolina Chickadee,1
2018-05-27,Carolina Wren,4
2018-05-27,Cedar Waxwing,1
2018-05-27,Chimney Swift,2
2018-05-27,Chipping Sparrow,0
2018-05-27,Common Grackle,0
2018-05-27,Dark-eyed Junco,0
2018-05-27,Downy Woodpecker,0
2018-05-27,Eastern Bluebird,1
2018-05-27,Eastern Phoebe,0
2018-05-27,Eastern Screech-Owl,0
2018-05-27,Eastern Towhee,4
2018-05-27,Eastern Wood-Pewee,2
2018-05-27,Field Sparrow,1
2018-05-27,Golden-crowned Kinglet,0
2018-05-27,Great Blue Heron,0
2018-05-27,Great Crested Flycatcher,0
2018-05-27,Hairy Woodpecker,1
2018-05-27,Hooded Warbler,2
2018-05-27,Indigo Bunting,14
2018-05-27,Kentucky Warbler,0
2018-05-27,Louisiana Waterthrush,0
2018-05-27,Mourning Dove,1
2018-05-27,Northern Cardinal,0
2018-05-27,Northern Flicker,1
2018-05-27,Northern Parula,0
2018-05-27,Ovenbird,2
2018-05-27,Pileated Woodpecker,2
2018-05-27,Pine Warbler,3
2018-05-27,Red Crossbill,0
2018-05-27,Red-bellied Woodpecker,2
2018-05-27,Red-breasted Nuthatch,0
2018-05-27,Red-eyed Vireo,5
2018-05-27,Red-tailed Hawk,0
2018-05-27,Ruby-throated Hummingbird,0
2018-05-27,Ruffed Grouse,0
2018-05-27,Scarlet Tanager,1
2018-05-27,Summer Tanager,0
2018-05-27,Swainson's Thrush,0
2018-05-27,Tufted Titmouse,9
2018-05-27,Unknown Nuthatch,0
2018-05-27,Unknown Tanager,0
2018-05-27,White-breasted Nuthatch,2
2018-05-27,White-eyed Vireo,0
2018-05-27,Wild Turkey,0
2018-05-27,Wood Thrush,0
2018-05-27,Worm-eating Warbler,1
2018-05-27,Yellow-billed Cuckoo,1
2018-05-27,Yellow-throated Vireo,0
2018-05-27,Yellow-throated Warbler,0
2018-05-28,Acadian Flycatcher,1
2018-05-28,American Crow,1
2018-05-28,American Goldfinch,0
2018-05-28,American Robin,0
2018-05-28,American Woodcock,0
2018-05-28,Barred Owl,0
2018-05-28,Belted Kingfisher,0
2018-05-28,Black-and-white Warbler,2
2018-05-28,Black-throated Blue Warbler,0
2018-05-28,Black-throated Green Warbler,2
2018-05-28,Blue Jay,0
2018-05-28,Blue-gray Gnatcatcher,1
2018-05-28,Blue-headed Vireo,1
2018-05-28,Broad-winged Hawk,0
2018-05-28,Brown Thrasher,0
2018-05-28,Brown-headed Cowbird,0
2018-05-28,Carolina Chickadee,1
2018-05-28,Carolina Wren,1
2018-05-28,Cedar Waxwing,0
2018-05-28,Chimney Swift,0
2018-05-28,Chipping Sparrow,0
2018-05-28,Common Grackle,0
2018-05-28,Dark-eyed Junco,0
2018-05-28,Downy Woodpecker,0
2018-05-28,Eastern Bluebird,0
2018-05-28,Eastern Phoebe,0
2018-05-28,Eastern Screech-Owl,0
2018-05-28,Eastern Towhee,0
2018-05-28,Eastern Wood-Pewee,0
2018-05-28,Field Sparrow,0
2018-05-28,Golden-crowned Kinglet,0
2018-05-28,Great Blue Heron,0
2018-05-28,Great Crested Flycatcher,0
2018-05-28,Hairy Woodpecker,0
2018-05-28,Hooded Warbler,4
2018-05-28,Indigo Bunting,0
2018-05-28,Kentucky Warbler,0
2018-05-28,Louisiana Waterthrush,2
2018-05-28,Mourning Dove,0
2018-05-28,Northern Cardinal,0
2018-05-28,Northern Flicker,0
2018-05-28,Northern Parula,3
2018-05-28,Ovenbird,2
2018-05-28,Pileated Woodpecker,1
2018-05-28,Pine Warbler,0
2018-05-28,Red Crossbill,0
2018-05-28,Red-bellied Woodpecker,1
2018-05-28,Red-breasted Nuthatch,0
2018-05-28,Red-eyed Vireo,2
2018-05-28,Red-tailed Hawk,0
2018-05-28,Ruby-throated Hummingbird,0
2018-05-28,Ruffed Grouse,0
2018-05-28,Scarlet Tanager,1
2018-05-28,Summer Tanager,0
2018-05-28,Swainson's Thrush,0
2018-05-28,Tufted Titmouse,2
2018-05-28,Unknown Nuthatch,0
2018-05-28,Unknown Tanager,0
2018-05-28,White-breasted Nuthatch,0
2018-05-28,White-eyed Vireo,0
2018-05-28,Wild Turkey,0
2018-05-28,Wood Thrush,1
2018-05-28,Worm-eating Warbler,0
2018-05-28,Yellow-billed Cuckoo,0
2018-05-28,Yellow-throated Vireo,0
2018-05-28,Yellow-throated Warbler,0
